Epoch,Training Loss
1,8.68240795135498
2,8.219885540008544
3,7.991021728515625
